{"cameraMode":{"drawMode":0,"name":"Shaded","section":"Shading Mode"},"sceneLighting":false,"audioPlay":false,"sceneViewState":{"showFog":true,"showMaterialUpdate":false,"showSkybox":false,"showFlares":true,"showImageEffects":true,"showParticleSystems":true},"in2DMode":false,"pivot":{"x":0.8399999141693115,"y":1.0199999809265137,"z":-0.05000000074505806},"rotation":{"x":0.018403587862849237,"y":0.9675168991088867,"z":0.07385829091072083,"w":-0.24107816815376283},"size":0.08660253882408142,"orthographic":false}